;file;resolution;duration;params;mse;rmse;aic;bic
0;Ulm_Weinhof_water_temp.csv;D;0.5350255966186523;[1, 2, 3, 4, 5, 6, 7, 8, 9, 10, 11, 12, 13, 14, 15];2412500.240026796;1553.2225339682643;6684.645203598954;6780.109067273219
1;Ulm_Weinhof_water_temp.csv;W;0.04600024223327637;[1, 2, 3, 4, 5, 6, 7, 8, 9, 10, 11, 12, 13, 14, 15];45975282.43448603;6780.50753516918;1051.9270762273395;1091.7067571586251
2;Ulm_Weinhof_water_temp.csv;M;0.03199958801269531;[1, 2, 3, 4, 5, 6, 7];835220008.5079215;28900.173157057754;181.4438838361938;183.21890503221977
