;file;resolution;duration;params;mse;rmse;aic;bic
0;Ulm_Weinhof_water_temp.csv;D;0.6260340213775635;trend: None, seasonal: None, seasonality: 7.0;4181235.7205359745;2044.8070130298297;5766.331364746941;5774.695534560375
1;Ulm_Weinhof_water_temp.csv;W;0.08700037002563477;trend: None, seasonal: None, seasonality: 4.35;109723211.62089318;10474.884802273158;1139.1707934915287;1143.639006500723
2;Ulm_Weinhof_water_temp.csv;M;0.033998727798461914;trend: None, seasonal: None, seasonality: 0;2177921628.908458;46668.20790333027;316.22312791063655;317.7683053551161
