;file;resolution;duration;params;mse;rmse;aic;bic
0;Ulm_Weinhof_water_temp.csv;D;3485.178526878357;(2,2,4)(2,0,2,7.0);6602209.532727273;2569.476509471778;22.0;67.9573852545566
1;Ulm_Weinhof_water_temp.csv;W;177.62936234474182;(3,2,3)(2,1,0,4.35);1185960461236.6848;1089018.1179561177;18.0;37.28821253752379
2;Ulm_Weinhof_water_temp.csv;M;6.44051718711853;(0,2,1)(0,0,0,0);2279074338.7675314;47739.65164061769;315.51315735606784;316.7912720152984
