;file;resolution;duraiton;params;mse;rmse;aic;bic
0;Ulm_Weinhof_water_temp.csv;D;3.0365607738494873;;1781208.490426054;1334.6192305021136;0;0
1;Ulm_Weinhof_water_temp.csv;W;2.976804494857788;;94870776.59412192;9740.163068148393;0;0
2;Ulm_Weinhof_water_temp.csv;M;2.630560874938965;;2309858055.416561;48060.98267219014;0;0
