;file;resolution;duraiton;params;mse;rmse;aic;bic
0;power_consumtion_germany_01_15_to_07_22.csv;D;6.136801719665527;;419865341839.8173;647970.1704861246;0;0
1;power_consumtion_germany_01_15_to_07_22.csv;W;3.3135740756988525;;15878940748364.283;3984838.8610286717;0;0
2;power_consumtion_germany_01_15_to_07_22.csv;M;4.577320098876953;;276847845025033.16;16638745.295996124;0;0
3;Realisierter_Stromverbrauch_small.csv;D;3.5050294399261475;;320585753191.51294;566202.9258062104;0;0
4;Realisierter_Stromverbrauch_small.csv;W;4.071692705154419;;21702654785851.55;4658610.821462934;0;0
5;Realisierter_Stromverbrauch_small.csv;M;2.638336420059204;;272030214308298.3;16493338.482802635;0;0
