;file;resolution;duration;params;mse;rmse;aic;bic
0;power_consumtion_germany_01_15_to_07_22.csv;D;2.097031831741333;trend: None, seasonal: mul, seasonality: 7.0;26169889980.6806;161771.103664037;48449.42176418356;48500.748833325866
1;power_consumtion_germany_01_15_to_07_22.csv;W;0.5299994945526123;trend: None, seasonal: None, seasonality: 4.35;1165812474407.9783;1079727.9631499678;8342.947995825973;8350.459480253146
2;power_consumtion_germany_01_15_to_07_22.csv;M;0.3079986572265625;trend: None, seasonal: None, seasonality: 12.0;22411578778886.0;4734086.900225428;2226.1442802372726;2230.6976124753046
3;Realisierter_Stromverbrauch_small.csv;D;0.4399993419647217;trend: None, seasonal: mul, seasonality: 7.0;28577280435.711353;169048.16010744203;6817.14494773819;6850.889484611364
4;Realisierter_Stromverbrauch_small.csv;W;0.3362240791320801;trend: None, seasonal: None, seasonality: 4.35;3131207627077.9824;1769521.8639728592;1231.1298522654608;1234.7431772450016
5;Realisierter_Stromverbrauch_small.csv;M;0.03499913215637207;trend: add, seasonal: None, seasonality: 0;770005971167858.6;27748981.443791024;346.3530652456904;347.94464633688386
