;file;resolution;duration;params;mse;rmse;aic;bic
0;power_consumtion_germany_01_15_to_07_22.csv;D;14098.357952356339;(5,0,5)(0,1,1,7.0);14941772165.0795;122236.54185667844;54699.39385168907;54767.79196057784
1;power_consumtion_germany_01_15_to_07_22.csv;W;450.0276987552643;(2,0,4)(0,1,0,4.35);576886375883.3412;759530.3653464693;8971.283851980235;8997.484874294902
2;power_consumtion_germany_01_15_to_07_22.csv;M;1199.3953454494476;(3,2,4)(1,1,1,12.0);34765093597155.664;5896193.144492102;1980.493877664931;2001.0983077703952
3;Realisierter_Stromverbrauch_small.csv;D;2182.5090453624725;(4,2,5)(0,0,0,7.0);1885927389111.2913;1373290.7154391205;20.0;57.43003187809482
4;Realisierter_Stromverbrauch_small.csv;W;155.4482250213623;(5,2,1)(0,1,2,4.35);702247279260.6554;838001.9565971522;1160.0711720696704;1175.0432268848372
5;Realisierter_Stromverbrauch_small.csv;M;6.887234687805176;(0,2,1)(0,0,0,0);471861936094009.94;21722383.296821047;324.2732261343028;324.6676752889752