;file;resolution;duration;params;mse;rmse;aic;bic
0;power_consumtion_germany_01_15_to_07_22.csv;D;0.5370018482208252;[1, 2, 3, 4, 5, 6, 7, 8, 9, 10, 11, 12, 13, 14, 15];9991855016.195137;99959.26678500166;54168.63003316239;54299.64292386736
1;power_consumtion_germany_01_15_to_07_22.csv;W;0.05800056457519531;[1, 2, 3, 4, 5, 6, 7, 8, 9, 10, 11, 12, 13, 14, 15];388938034843.93115;623648.9676444043;8615.658904505251;8689.80110980023
2;power_consumtion_germany_01_15_to_07_22.csv;M;0.04899907112121582;[1, 2, 3, 4, 5, 6, 7, 8, 9, 10, 11, 12, 13, 14, 15];36259783147593.62;6021609.680774204;1889.2825571714386;1946.487992670806
3;Realisierter_Stromverbrauch_small.csv;D;0.05099844932556152;[1, 2, 3, 4, 5, 6, 7, 8, 9, 10, 11, 12, 13, 14, 15];8974290455.908014;94732.7317029759;7258.879039735276;7343.989241923262
4;Realisierter_Stromverbrauch_small.csv;W;0.04600095748901367;[1, 2, 3, 4, 5, 6, 7, 8, 9, 10, 11, 12, 13, 14, 15];2424654713464.8228;1557130.2814680673;879.7990656206304;907.8230132538735
5;Realisierter_Stromverbrauch_small.csv;M;0.02699732780456543;[1, 2, 3, 4];633214757001121.5;25163758.801123522;236.84016612071784;236.51562701504972
