;file;resolution;duration;params;mse;rmse;aic;bic
0;Ulm_visit_counter_Gloecklerstrasse_Busparkplatz.csv;D;686.6632492542267;(1,2,1)(0,1,1,7.0);44374616892.46105;210652.83499744564;1416.400262391048;1424.972801296614
1;Ulm_visit_counter_Gloecklerstrasse_Hirschstrasse.csv;D;659.0314524173737;(1,2,2)(0,1,1,7.0);251477119300.2479;501474.94384091406;1516.4893013504593;1527.204974982417
2;Ulm_visit_counter_Hafenbad.csv;D;652.4434399604797;(5,1,1)(0,0,0,7.0);13139269439.794836;114626.65239722756;14.0;29.83875913928921
3;Ulm_visit_counter_Hans_Sophie_Scholl_Platz.csv;D;648.7126121520996;(0,2,2)(1,1,1,7.0);3319094845.421119;57611.58603459133;1375.8483114649714;1386.5639850969292
4;Ulm_visit_counter_Herrenkellergasse.csv;D;661.4998118877411;(5,0,2)(0,0,1,7.0);1165124972.2851105;34133.926997711686;20.0;42.766661190160555
5;Ulm_visit_counter_Hirschstrasse.csv;D;629.7923073768616;(1,2,2)(0,1,1,7.0);315454041645.1979;561652.9548085702;1483.7977158555566;1494.5133894875144
6;Ulm_visit_counter_Kohlgasse.csv;D;580.5744018554688;(2,2,5)(0,1,1,7.0);2.623568117812432e+18;1619743225.8887308;18.0;34.259962407932875
7;Ulm_visit_counter_Sedelhof.csv;D;834.287130355835;(1,2,0)(2,0,1,7.0);34577835.684210524;5880.292142760471;10.0;21.242476210246796
