;file;resolution;duration;params;mse;rmse;aic;bic
0;ekg1.csv;None;1343.0901491641998;lags:1 epochs:50 batch_size:30 hidden_l:50;0.00042181928;0.02053823938675649;0;0
1;ekg2.csv;None;1343.6364214420319;lags:1 epochs:50 batch_size:50 hidden_l:30;0.00134731;0.03670572198140603;0;0
2;ekg3.csv;None;1377.5961301326752;lags:1 epochs:50 batch_size:50 hidden_l:30;0.0004726285;0.021740020963385422;0;0
3;ekg4.csv;None;1520.5621242523193;lags:5 epochs:25 batch_size:50 hidden_l:30;9.671355e-09;9.834304892664976e-05;0;0
4;ekg5.csv;None;1463.2188625335693;lags:3 epochs:50 batch_size:50 hidden_l:50;2.4489393e-05;0.004948675850363097;0;0
5;ekg6.csv;None;1517.5631635189056;lags:5 epochs:25 batch_size:50 hidden_l:40;9.1425365e-09;9.561661207988514e-05;0;0
6;ekg7.csv;None;1523.6918714046478;lags:5 epochs:25 batch_size:20 hidden_l:50;1.0342804e-08;0.0001016995769245281;0;0
7;ekg8.csv;None;1384.9112989902496;lags:1 epochs:50 batch_size:50 hidden_l:30;1.2099059e-08;0.0001099957210252071;0;0
