;file;resolution;duration;params;mse;rmse;aic;bic
0;ekg1.csv;None;997.0298001766205;(5,0,5)(0,0,0,0);0.006890719574883131;0.08301035823849413;-239375.78942262253;-239278.75971331057
1;ekg2.csv;None;1010.3111028671265;(5,0,5)(0,0,0,0);0.01932875148947422;0.13902788025958757;-183158.12792128295;-183061.098211971
2;ekg3.csv;None;1059.273101568222;(5,0,5)(0,0,0,0);0.007877761469406407;0.08875675450018666;-193509.53659664234;-193412.50688733038
3;ekg4.csv;None;16123.411639213562;(2,0,5)(0,0,0,4.166666666666667);1.5127138329165766e-08;0.00012299243199955745;-376418.6325605824;-376345.86027859844
4;ekg5.csv;None;5685.850447893143;(1,1,5)(2,1,0,2.083188667453649);0.002415772311047105;0.049150506722180444;-263207.7766261512;-263135.0054692375
5;ekg6.csv;None;15544.27264046669;(5,0,4)(0,0,0,4.16724545075705);1.7305608607800575e-08;0.0001315507833796537;-377948.4488246362;-377859.50492443354
6;ekg7.csv;None;16074.424068927765;(3,1,5)(2,0,0,4.16724545075705);2.3318965596399826e-08;0.00015270548646463173;-375204.93442237785;-375115.9909805181
7;ekg8.csv;None;1056.8506164550781;(3,0,5)(0,0,0,0);1.887228448652273e-08;0.00013737643351944588;-371791.4116834552;-371710.5535923619
