;file;resolution;duration;params;mse;rmse;aic;bic
0;ekg1.csv;None;1.2709059715270996;trend: add, seasonal: None, seasonality: 0;40.45987619869856;6.3608078259525;-221631.6400673725;-221599.29683093517
1;ekg2.csv;None;0.7429628372192383;trend: add, seasonal: None, seasonality: 0;14.986485953853386;3.8712382972187833;-187444.31102854983;-187411.9677921125
2;ekg3.csv;None;0.7624123096466064;trend: add, seasonal: None, seasonality: 0;0.026795883243061685;0.1636944814068626;-207291.85342647234;-207259.510190035
3;ekg4.csv;None;19.64663004875183;trend: None, seasonal: None, seasonality: 4.166666666666667;2.7118007368710273e-08;0.00016467546073629268;-442069.5587830777;-442053.38716485904
4;ekg5.csv;None;4.417429685592651;trend: add, seasonal: add, seasonality: 2.083188667453649;1.4213042396527753;1.1921846499820299;-309638.77150683355;-309590.25665217754
5;ekg6.csv;None;4.282418251037598;trend: None, seasonal: None, seasonality: 4.16724545075705;1.7029676803248898e-08;0.00013049780382538587;-443305.5218255765;-443289.35020735784
6;ekg7.csv;None;4.192533493041992;trend: None, seasonal: None, seasonality: 4.16724545075705;2.2535772115451035e-08;0.0001501191930282435;-440836.69963126845;-440820.5280130498
7;ekg8.csv;None;1.3844962120056152;trend: None, seasonal: None, seasonality: 0;1.849284878602867e-08;0.00013598841416101841;-437410.9476422264;-437394.77602400776
