;file;resolution;duration;params;mse;rmse;aic;bic
0;ekg1.csv;None;0.6546258926391602;[1, 2, 3, 4, 5, 6, 7, 8, 9, 10, 11, 12, 13, 14, 15];0.006890189962911713;0.08300716814174372;-238832.98814059322;-238695.5400140563
1;ekg2.csv;None;0.12247514724731445;[1, 2, 3, 4, 5, 6, 7, 8, 9, 10, 11];0.019304732757229014;0.1389414724163704;-183140.77100689753;-183035.66144817544
2;ekg3.csv;None;0.11900019645690918;[1, 2, 3, 4, 5, 6, 7, 8, 9, 10, 11, 12, 13, 14, 15];0.007686132605408328;0.08767059145122912;-193338.73206194307;-193201.28393540616
3;ekg4.csv;None;0.2849998474121094;[1, 2, 3, 4, 5, 6, 7, 8, 9, 10, 11, 12, 13];1.5206865591515587e-08;0.00012331612056627303;-376155.7258273075;-376010.19101598114
4;ekg5.csv;None;0.17299962043762207;[1, 2, 3, 4, 5, 6, 7, 8, 9, 10, 11, 12, 13, 14, 15];0.0002300763683190552;0.015168268468057097;-289920.63763915363;-289775.1043287028
5;ekg6.csv;None;0.1490006446838379;[1, 2, 3, 4, 5, 6, 7, 8, 9, 10, 11, 12, 13];1.728756934990435e-08;0.00013148220164685542;-377679.6462124379;-377534.1114011115
6;ekg7.csv;None;0.16199898719787598;[1, 2, 3, 4, 5, 6, 7, 8, 9, 10, 11, 12, 13, 14];1.7870148913506867e-08;0.00013367927630529298;-375935.43588338967;-375781.8165968796
7;ekg8.csv;None;0.12199926376342773;[1, 2, 3, 4, 5, 6, 7, 8, 9, 10, 11, 12];1.8870856614902732e-08;0.00013737123649040482;-371610.9633654883;-371497.76903970825
