;file;resolution;duration;params;mse;rmse;aic;bic
0;ekg1.csv;None;1240.3402767181396;lags:1 epochs:50 batch_size:20 hidden_l:30;0.00042355355;0.02058041654731026;0;0
1;ekg2.csv;None;1227.6564445495605;lags:1 epochs:50 batch_size:50 hidden_l:30;0.0013528893;0.03678164415697253;0;0
2;ekg3.csv;None;1224.461730480194;lags:1 epochs:25 batch_size:50 hidden_l:30;0.00047971503;0.02190239786576297;0;0
3;ekg4.csv;None;1300.7537524700165;lags:5 epochs:25 batch_size:50 hidden_l:30;9.573388e-09;9.784369322709608e-05;0;0
4;ekg5.csv;None;1274.2204358577728;lags:3 epochs:50 batch_size:30 hidden_l:40;1.4677413e-05;0.003831111165743653;0;0
5;ekg6.csv;None;1292.7903447151184;lags:5 epochs:50 batch_size:50 hidden_l:30;9.1059995e-09;9.542536093714308e-05;0;0
6;ekg7.csv;None;1294.0373666286469;lags:5 epochs:25 batch_size:20 hidden_l:40;1.02422355e-08;0.00010120393028022857;0;0
7;ekg8.csv;None;1218.4414401054382;lags:1 epochs:50 batch_size:50 hidden_l:30;1.2200444e-08;0.00011045562099985657;0;0
